weighting_scheme,category,grouping_mode,group_item,unweighted_share,weighted_share
0.20_sigma_corr,"['GW0, GW1', 'GW2', 'GW3', 'GW4', 'GW5', 'GW6', 'GW7', 'GW8']",Model_family,AIM,0.9523809523809524,1.4894756451962883
0.20_sigma_corr,"['GW0, GW1', 'GW2', 'GW3', 'GW4', 'GW5', 'GW6', 'GW7', 'GW8']",Model_family,GCAM,4.761904761904762,6.67202159137012
0.20_sigma_corr,"['GW0, GW1', 'GW2', 'GW3', 'GW4', 'GW5', 'GW6', 'GW7', 'GW8']",Model_family,IMAGE,17.61904761904762,18.35148067024677
0.20_sigma_corr,"['GW0, GW1', 'GW2', 'GW3', 'GW4', 'GW5', 'GW6', 'GW7', 'GW8']",Model_family,MESSAGE,7.6190476190476195,4.1076525985691195
0.20_sigma_corr,"['GW0, GW1', 'GW2', 'GW3', 'GW4', 'GW5', 'GW6', 'GW7', 'GW8']",Model_family,POLES,24.285714285714285,31.152378008563613
0.20_sigma_corr,"['GW0, GW1', 'GW2', 'GW3', 'GW4', 'GW5', 'GW6', 'GW7', 'GW8']",Model_family,REMIND,26.190476190476193,20.487712364233822
0.20_sigma_corr,"['GW0, GW1', 'GW2', 'GW3', 'GW4', 'GW5', 'GW6', 'GW7', 'GW8']",Model_family,WITCH,18.571428571428573,17.739279121820278
0.20_sigma_corr,"['GW0, GW1', 'GW2', 'GW3', 'GW4', 'GW5', 'GW6', 'GW7', 'GW8']",Model_type,IT_GE,52.38095238095239,42.334644084623214
0.20_sigma_corr,"['GW0, GW1', 'GW2', 'GW3', 'GW4', 'GW5', 'GW6', 'GW7', 'GW8']",Model_type,RD_CGE,0.9523809523809524,1.489475645196288
0.20_sigma_corr,"['GW0, GW1', 'GW2', 'GW3', 'GW4', 'GW5', 'GW6', 'GW7', 'GW8']",Model_type,RD_PE,46.666666666666664,56.1758802701805
0.20_sigma_corr,"['GW0, GW1', 'GW2', 'GW3', 'GW4', 'GW5', 'GW6', 'GW7', 'GW8']",Project,ADVANCE [EU FP7],0.9523809523809524,0.2801706110197367
0.20_sigma_corr,"['GW0, GW1', 'GW2', 'GW3', 'GW4', 'GW5', 'GW6', 'GW7', 'GW8']",Project,BEG (REMIND),0.9523809523809524,0.3522019010906917
0.20_sigma_corr,"['GW0, GW1', 'GW2', 'GW3', 'GW4', 'GW5', 'GW6', 'GW7', 'GW8']",Project,CD-LINKS [Horizon 2020],0.4761904761904762,0.29606347009799433
0.20_sigma_corr,"['GW0, GW1', 'GW2', 'GW3', 'GW4', 'GW5', 'GW6', 'GW7', 'GW8']",Project,CEMICS (REMIND),0.4761904761904762,0.1882739528426159
0.20_sigma_corr,"['GW0, GW1', 'GW2', 'GW3', 'GW4', 'GW5', 'GW6', 'GW7', 'GW8']",Project,COMMIT [Horizon 2020],5.238095238095238,3.880140800392045
0.20_sigma_corr,"['GW0, GW1', 'GW2', 'GW3', 'GW4', 'GW5', 'GW6', 'GW7', 'GW8']",Project,COVID-Shift (MESSAGEix-GLOBIOM),2.857142857142857,1.9546401658078711
0.20_sigma_corr,"['GW0, GW1', 'GW2', 'GW3', 'GW4', 'GW5', 'GW6', 'GW7', 'GW8']",Project,Deep-Electrification (REMIND-MAgPIE),0.9523809523809524,0.4116226362250078
0.20_sigma_corr,"['GW0, GW1', 'GW2', 'GW3', 'GW4', 'GW5', 'GW6', 'GW7', 'GW8']",Project,EMF30,5.238095238095238,2.5506732796600775
0.20_sigma_corr,"['GW0, GW1', 'GW2', 'GW3', 'GW4', 'GW5', 'GW6', 'GW7', 'GW8']",Project,EMF33,3.3333333333333335,4.273864072775888
0.20_sigma_corr,"['GW0, GW1', 'GW2', 'GW3', 'GW4', 'GW5', 'GW6', 'GW7', 'GW8']",Project,ENGAGE [Horizon 2020],45.714285714285715,51.9171885714919
0.20_sigma_corr,"['GW0, GW1', 'GW2', 'GW3', 'GW4', 'GW5', 'GW6', 'GW7', 'GW8']",Project,LeastTotalCost (REMIND-MAgPIE),2.857142857142857,2.8839707423669303
0.20_sigma_corr,"['GW0, GW1', 'GW2', 'GW3', 'GW4', 'GW5', 'GW6', 'GW7', 'GW8']",Project,NAVIGATE [Horizon 2020],6.190476190476191,2.538659037223711
0.20_sigma_corr,"['GW0, GW1', 'GW2', 'GW3', 'GW4', 'GW5', 'GW6', 'GW7', 'GW8']",Project,NGFS Phase 2,3.3333333333333335,3.8652572873202526
0.20_sigma_corr,"['GW0, GW1', 'GW2', 'GW3', 'GW4', 'GW5', 'GW6', 'GW7', 'GW8']",Project,NGFS Phase 5,4.285714285714286,5.064670958062246
0.20_sigma_corr,"['GW0, GW1', 'GW2', 'GW3', 'GW4', 'GW5', 'GW6', 'GW7', 'GW8']",Project,PEP-1.5°C (REMIND-MAgPIE),0.9523809523809524,0.518557620648686
0.20_sigma_corr,"['GW0, GW1', 'GW2', 'GW3', 'GW4', 'GW5', 'GW6', 'GW7', 'GW8']",Project,R2p1 (REMIND),1.4285714285714286,1.1403444260790054
0.20_sigma_corr,"['GW0, GW1', 'GW2', 'GW3', 'GW4', 'GW5', 'GW6', 'GW7', 'GW8']",Project,RESCUE [Horizon Europe],0.9523809523809524,1.8690971367764346
0.20_sigma_corr,"['GW0, GW1', 'GW2', 'GW3', 'GW4', 'GW5', 'GW6', 'GW7', 'GW8']",Project,Rescuing 1.5°C [IKEA Foundation],0.4761904761904762,0.8603928486402848
0.20_sigma_corr,"['GW0, GW1', 'GW2', 'GW3', 'GW4', 'GW5', 'GW6', 'GW7', 'GW8']",Project,SDI (AIM/Hub-Global),0.9523809523809524,1.4894756451962883
0.20_sigma_corr,"['GW0, GW1', 'GW2', 'GW3', 'GW4', 'GW5', 'GW6', 'GW7', 'GW8']",Project,SHAPE [JPI Climate],0.9523809523809524,0.8526934773156176
0.20_sigma_corr,"['GW0, GW1', 'GW2', 'GW3', 'GW4', 'GW5', 'GW6', 'GW7', 'GW8']",Project,SSP,3.3333333333333335,3.88205075182533
0.20_sigma_corr,"['GW0, GW1', 'GW2', 'GW3', 'GW4', 'GW5', 'GW6', 'GW7', 'GW8']",Project,SSP-2021 (IMAGE),7.142857142857142,8.52881953686149
0.20_sigma_corr,"['GW0, GW1', 'GW2', 'GW3', 'GW4', 'GW5', 'GW6', 'GW7', 'GW8']",Project,UFOPLAN (REMIND-MAgPIE),0.9523809523809524,0.40117107027989724
0.20_sigma_corr,GW2,Model_family,GCAM,16.666666666666664,20.105916475545044
0.20_sigma_corr,GW2,Model_family,IMAGE,44.44444444444444,43.623655282456305
0.20_sigma_corr,GW2,Model_family,MESSAGE,11.11111111111111,10.416046684741397
0.20_sigma_corr,GW2,Model_family,REMIND,11.11111111111111,10.543305432238952
0.20_sigma_corr,GW2,Model_family,WITCH,16.666666666666664,15.311076125018296
0.20_sigma_corr,GW2,Model_type,IT_GE,38.88888888888889,36.27042824199865
0.20_sigma_corr,GW2,Model_type,RD_PE,61.111111111111114,63.72957175800135
0.20_sigma_corr,GW2,Project,ENGAGE [Horizon 2020],16.666666666666664,15.3110761250183
0.20_sigma_corr,GW2,Project,NAVIGATE [Horizon 2020],11.11111111111111,11.051731581195051
0.20_sigma_corr,GW2,Project,NGFS Phase 5,33.33333333333333,34.80748360545456
0.20_sigma_corr,GW2,Project,SSP,5.555555555555555,6.257784987070841
0.20_sigma_corr,GW2,Project,SSP-2021 (IMAGE),33.33333333333333,32.571923701261255
0.20_sigma_corr,GW3,Model_family,GCAM,6.349206349206349,7.097945204840938
0.20_sigma_corr,GW3,Model_family,IMAGE,22.22222222222222,19.96735999178989
0.20_sigma_corr,GW3,Model_family,MESSAGE,11.11111111111111,12.06682201087718
0.20_sigma_corr,GW3,Model_family,POLES,22.22222222222222,25.09187131314335
0.20_sigma_corr,GW3,Model_family,REMIND,15.873015873015872,16.317982419679588
0.20_sigma_corr,GW3,Model_family,WITCH,22.22222222222222,19.45801905966906
0.20_sigma_corr,GW3,Model_type,IT_GE,49.2063492063492,47.842823490225825
0.20_sigma_corr,GW3,Model_type,RD_PE,50.79365079365079,52.157176509774175
0.20_sigma_corr,GW3,Project,COMMIT [Horizon 2020],7.936507936507936,8.613212419012726
0.20_sigma_corr,GW3,Project,EMF30,1.5873015873015872,1.1820038088933955
0.20_sigma_corr,GW3,Project,EMF33,3.1746031746031744,3.1184744104053985
0.20_sigma_corr,GW3,Project,ENGAGE [Horizon 2020],42.857142857142854,40.98788987357518
0.20_sigma_corr,GW3,Project,NAVIGATE [Horizon 2020],12.698412698412698,13.412029953268009
0.20_sigma_corr,GW3,Project,NGFS Phase 2,3.1746031746031744,3.742155655260984
0.20_sigma_corr,GW3,Project,NGFS Phase 5,9.523809523809524,9.025681256690847
0.20_sigma_corr,GW3,Project,RESCUE [Horizon Europe],6.349206349206349,7.453751166503893
0.20_sigma_corr,GW3,Project,SSP,1.5873015873015872,1.8228067649381618
0.20_sigma_corr,GW3,Project,SSP-2021 (IMAGE),11.11111111111111,10.641994691451416
0.10_sigma_within_model,"['GW0, GW1', 'GW2', 'GW3', 'GW4', 'GW5', 'GW6', 'GW7', 'GW8']",Model_family,AIM,0.9523809523809524,0.991060591061951
0.10_sigma_within_model,"['GW0, GW1', 'GW2', 'GW3', 'GW4', 'GW5', 'GW6', 'GW7', 'GW8']",Model_family,GCAM,4.761904761904762,4.767787451414331
0.10_sigma_within_model,"['GW0, GW1', 'GW2', 'GW3', 'GW4', 'GW5', 'GW6', 'GW7', 'GW8']",Model_family,IMAGE,17.61904761904762,17.914334614799003
0.10_sigma_within_model,"['GW0, GW1', 'GW2', 'GW3', 'GW4', 'GW5', 'GW6', 'GW7', 'GW8']",Model_family,MESSAGE,7.6190476190476195,8.182919117709902
0.10_sigma_within_model,"['GW0, GW1', 'GW2', 'GW3', 'GW4', 'GW5', 'GW6', 'GW7', 'GW8']",Model_family,POLES,24.285714285714285,21.85246486450347
0.10_sigma_within_model,"['GW0, GW1', 'GW2', 'GW3', 'GW4', 'GW5', 'GW6', 'GW7', 'GW8']",Model_family,REMIND,26.190476190476193,27.96933949546095
0.10_sigma_within_model,"['GW0, GW1', 'GW2', 'GW3', 'GW4', 'GW5', 'GW6', 'GW7', 'GW8']",Model_family,WITCH,18.571428571428573,18.32209386505039
0.10_sigma_within_model,"['GW0, GW1', 'GW2', 'GW3', 'GW4', 'GW5', 'GW6', 'GW7', 'GW8']",Model_type,IT_GE,52.38095238095239,54.47435247822124
0.10_sigma_within_model,"['GW0, GW1', 'GW2', 'GW3', 'GW4', 'GW5', 'GW6', 'GW7', 'GW8']",Model_type,RD_CGE,0.9523809523809524,0.991060591061951
0.10_sigma_within_model,"['GW0, GW1', 'GW2', 'GW3', 'GW4', 'GW5', 'GW6', 'GW7', 'GW8']",Model_type,RD_PE,46.666666666666664,44.5345869307168
0.10_sigma_within_model,"['GW0, GW1', 'GW2', 'GW3', 'GW4', 'GW5', 'GW6', 'GW7', 'GW8']",Project,ADVANCE [EU FP7],0.9523809523809524,1.0075810998282042
0.10_sigma_within_model,"['GW0, GW1', 'GW2', 'GW3', 'GW4', 'GW5', 'GW6', 'GW7', 'GW8']",Project,BEG (REMIND),0.9523809523809524,1.0040554639763812
0.10_sigma_within_model,"['GW0, GW1', 'GW2', 'GW3', 'GW4', 'GW5', 'GW6', 'GW7', 'GW8']",Project,CD-LINKS [Horizon 2020],0.4761904761904762,0.5059566040573771
0.10_sigma_within_model,"['GW0, GW1', 'GW2', 'GW3', 'GW4', 'GW5', 'GW6', 'GW7', 'GW8']",Project,CEMICS (REMIND),0.4761904761904762,0.49727810445014925
0.10_sigma_within_model,"['GW0, GW1', 'GW2', 'GW3', 'GW4', 'GW5', 'GW6', 'GW7', 'GW8']",Project,COMMIT [Horizon 2020],5.238095238095238,4.957075710717169
0.10_sigma_within_model,"['GW0, GW1', 'GW2', 'GW3', 'GW4', 'GW5', 'GW6', 'GW7', 'GW8']",Project,COVID-Shift (MESSAGEix-GLOBIOM),2.857142857142857,3.077128246225257
0.10_sigma_within_model,"['GW0, GW1', 'GW2', 'GW3', 'GW4', 'GW5', 'GW6', 'GW7', 'GW8']",Project,Deep-Electrification (REMIND-MAgPIE),0.9523809523809524,1.0108092188007787
0.10_sigma_within_model,"['GW0, GW1', 'GW2', 'GW3', 'GW4', 'GW5', 'GW6', 'GW7', 'GW8']",Project,EMF30,5.238095238095238,5.5431962408695306
0.10_sigma_within_model,"['GW0, GW1', 'GW2', 'GW3', 'GW4', 'GW5', 'GW6', 'GW7', 'GW8']",Project,EMF33,3.3333333333333335,3.6121881637504156
0.10_sigma_within_model,"['GW0, GW1', 'GW2', 'GW3', 'GW4', 'GW5', 'GW6', 'GW7', 'GW8']",Project,ENGAGE [Horizon 2020],45.714285714285715,43.3625920376586
0.10_sigma_within_model,"['GW0, GW1', 'GW2', 'GW3', 'GW4', 'GW5', 'GW6', 'GW7', 'GW8']",Project,LeastTotalCost (REMIND-MAgPIE),2.857142857142857,3.062954658796823
0.10_sigma_within_model,"['GW0, GW1', 'GW2', 'GW3', 'GW4', 'GW5', 'GW6', 'GW7', 'GW8']",Project,NAVIGATE [Horizon 2020],6.190476190476191,6.37629058911777
0.10_sigma_within_model,"['GW0, GW1', 'GW2', 'GW3', 'GW4', 'GW5', 'GW6', 'GW7', 'GW8']",Project,NGFS Phase 2,3.3333333333333335,3.5395676438028705
0.10_sigma_within_model,"['GW0, GW1', 'GW2', 'GW3', 'GW4', 'GW5', 'GW6', 'GW7', 'GW8']",Project,NGFS Phase 5,4.285714285714286,4.516108174637969
0.10_sigma_within_model,"['GW0, GW1', 'GW2', 'GW3', 'GW4', 'GW5', 'GW6', 'GW7', 'GW8']",Project,PEP-1.5°C (REMIND-MAgPIE),0.9523809523809524,1.0113126260588656
0.10_sigma_within_model,"['GW0, GW1', 'GW2', 'GW3', 'GW4', 'GW5', 'GW6', 'GW7', 'GW8']",Project,R2p1 (REMIND),1.4285714285714286,1.5230400702729134
0.10_sigma_within_model,"['GW0, GW1', 'GW2', 'GW3', 'GW4', 'GW5', 'GW6', 'GW7', 'GW8']",Project,RESCUE [Horizon Europe],0.9523809523809524,1.045885660704571
0.10_sigma_within_model,"['GW0, GW1', 'GW2', 'GW3', 'GW4', 'GW5', 'GW6', 'GW7', 'GW8']",Project,Rescuing 1.5°C [IKEA Foundation],0.4761904761904762,0.5206317133438344
0.10_sigma_within_model,"['GW0, GW1', 'GW2', 'GW3', 'GW4', 'GW5', 'GW6', 'GW7', 'GW8']",Project,SDI (AIM/Hub-Global),0.9523809523809524,0.9910605910619508
0.10_sigma_within_model,"['GW0, GW1', 'GW2', 'GW3', 'GW4', 'GW5', 'GW6', 'GW7', 'GW8']",Project,SHAPE [JPI Climate],0.9523809523809524,1.0133550387737358
0.10_sigma_within_model,"['GW0, GW1', 'GW2', 'GW3', 'GW4', 'GW5', 'GW6', 'GW7', 'GW8']",Project,SSP,3.3333333333333335,3.346014427151752
0.10_sigma_within_model,"['GW0, GW1', 'GW2', 'GW3', 'GW4', 'GW5', 'GW6', 'GW7', 'GW8']",Project,SSP-2021 (IMAGE),7.142857142857142,7.464559291144522
0.10_sigma_within_model,"['GW0, GW1', 'GW2', 'GW3', 'GW4', 'GW5', 'GW6', 'GW7', 'GW8']",Project,UFOPLAN (REMIND-MAgPIE),0.9523809523809524,1.0113586247985413
0.10_sigma_within_model,GW2,Model_family,GCAM,16.666666666666664,16.56436803502497
0.10_sigma_within_model,GW2,Model_family,IMAGE,44.44444444444444,44.23991721687716
0.10_sigma_within_model,GW2,Model_family,MESSAGE,11.11111111111111,11.489103360743288
0.10_sigma_within_model,GW2,Model_family,REMIND,11.11111111111111,11.51517645159017
0.10_sigma_within_model,GW2,Model_family,WITCH,16.666666666666664,16.191434935764416
0.10_sigma_within_model,GW2,Model_type,IT_GE,38.88888888888889,39.19571474809787
0.10_sigma_within_model,GW2,Model_type,RD_PE,61.111111111111114,60.80428525190214
0.10_sigma_within_model,GW2,Project,ENGAGE [Horizon 2020],16.666666666666664,16.191434935764416
0.10_sigma_within_model,GW2,Project,NAVIGATE [Horizon 2020],11.11111111111111,10.936964460210628
0.10_sigma_within_model,GW2,Project,NGFS Phase 5,33.33333333333333,33.92289523064288
0.10_sigma_within_model,GW2,Project,SSP,5.555555555555555,5.645752616715546
0.10_sigma_within_model,GW2,Project,SSP-2021 (IMAGE),33.33333333333333,33.302952756666535
0.10_sigma_within_model,GW3,Model_family,GCAM,6.349206349206349,6.552923732675447
0.10_sigma_within_model,GW3,Model_family,IMAGE,22.22222222222222,22.648813032873814
0.10_sigma_within_model,GW3,Model_family,MESSAGE,11.11111111111111,11.941563630648155
0.10_sigma_within_model,GW3,Model_family,POLES,22.22222222222222,19.991043415866294
0.10_sigma_within_model,GW3,Model_family,REMIND,15.873015873015872,17.03720290094188
0.10_sigma_within_model,GW3,Model_family,WITCH,22.22222222222222,21.828453286994403
0.10_sigma_within_model,GW3,Model_type,IT_GE,49.2063492063492,50.807219818584436
0.10_sigma_within_model,GW3,Model_type,RD_PE,50.79365079365079,49.19278018141555
0.10_sigma_within_model,GW3,Project,COMMIT [Horizon 2020],7.936507936507936,7.203123658518266
0.10_sigma_within_model,GW3,Project,EMF30,1.5873015873015872,1.6929817714248883
0.10_sigma_within_model,GW3,Project,EMF33,3.1746031746031744,3.3941557053116265
0.10_sigma_within_model,GW3,Project,ENGAGE [Horizon 2020],42.857142857142854,40.92023019923654
0.10_sigma_within_model,GW3,Project,NAVIGATE [Horizon 2020],12.698412698412698,13.393181633651826
0.10_sigma_within_model,GW3,Project,NGFS Phase 2,3.1746031746031744,3.3681649991771367
0.10_sigma_within_model,GW3,Project,NGFS Phase 5,9.523809523809524,10.04825875897694
0.10_sigma_within_model,GW3,Project,RESCUE [Horizon Europe],6.349206349206349,6.836993552067196
0.10_sigma_within_model,GW3,Project,SSP,1.5873015873015872,1.6418623300000217
0.10_sigma_within_model,GW3,Project,SSP-2021 (IMAGE),11.11111111111111,11.501047391635549
